<beaninfo>

<category name="system">	
	<category name="system.basic">
		<attribute
			name="location"
			editable="true"/>	
		<attribute
			name="height"
			editable="false"/>		
		<attribute
			name="width"
			editable="false"/>							
	</category>	
</category>

<category name="system">	
	<category name="system.aspect">
		<attribute
			javaClass="java.awt.Color"
			clientPropertyKey="body.color"/>
		<attribute
			javaClass="java.lang.Boolean"
			clientPropertyKey="body.fill"/>		
		<attribute
			javaClass="java.lang.Boolean"
			clientPropertyKey="body.raised"/>
	</category>	
</category>

<category name="system">	
	<category name="system.custom">	
		<attribute
			javaClass="java.lang.Boolean"
			clientPropertyKey="custom.draw"/>	
		<attribute
			clientPropertyKey="custom.draw.shape.factory"
			editor="twaver.table.editor.EnumTypeEditor@twaver.shape|false"
			renderer="twaver.table.renderer.EnumTypeRenderer@twaver.shape"/>
		<attribute
			javaClass="java.lang.Boolean"
			clientPropertyKey="custom.draw.antialias"/>	
		<attribute
			javaClass="java.lang.Boolean"
			clientPropertyKey="custom.draw.fill"/>				
		<attribute
			javaClass="java.awt.Color"
			clientPropertyKey="custom.draw.fill.color"/>
		<attribute
			javaClass="java.lang.Boolean"
			clientPropertyKey="custom.draw.fill.3d"/>			
		<attribute
			javaClass="java.lang.Boolean"
			clientPropertyKey="custom.draw.outline"/>	
		<attribute
			javaClass="java.awt.Color"
			clientPropertyKey="custom.draw.outline.color"/>		
		<attribute
			clientPropertyKey="custom.draw.outline.stroke"
			editor="twaver.table.editor.StrokeEditor" 
			renderer="twaver.table.renderer.StrokeRenderer"/>
		<attribute
			javaClass="java.lang.Boolean"
			clientPropertyKey="custom.draw.outline.3d"/>							
		<attribute
			javaClass="java.lang.Boolean"
			clientPropertyKey="custom.draw.gradient"/>	
		<attribute
			javaClass="java.awt.Color"
			clientPropertyKey="custom.draw.gradient.color"/>
		<attribute
			clientPropertyKey="custom.draw.gradient.factory"
			editor="twaver.table.editor.EnumTypeEditor@twaver.gradient|false"
			renderer="twaver.table.renderer.EnumTypeRenderer@twaver.gradient"/>		
		<attribute
			javaClass="java.lang.Boolean"
			clientPropertyKey="custom.draw.default.border"/>					
	</category>	
</category>

</beaninfo>
 