<beaninfo>

	<category name="system">	
		<category name="system.basic">	
			<attribute
				name="ID"
				editable="false"/>
			<attribute
				name="name"/>	
			<attribute
				name="selected"/>	
			<attribute
				name="visible"/>									
			<attribute
				name="icon"
				readMethod="getIconURL"
				writeMethod="setIcon"
				renderer="twaver.table.renderer.IconURLRenderer"
				editor="twaver.table.editor.ImageURLEditor"/>					
			<attribute
				name="toolTipText"
				editor="twaver.table.editor.HTMLTextEditor"/>					
			<attribute
				name="parent"
				editable="false"
				renderer="twaver.table.renderer.ElementRenderer"/>
			<attribute
				name="layerID"
				editor="twaver.table.editor.LayerIDEditor"/>						
		</category>	
	</category>		
	
	
	<category name="system">
		<category name="system.aspect">
			<attribute
				clientPropertyKey="render.alpha"
				javaClass="java.lang.Float"/>					
			<attribute
				clientPropertyKey="render.color"
				javaClass="java.awt.Color"/>	
			<attribute
				clientPropertyKey="state.outline.color"
				javaClass="java.awt.Color"/>
			<attribute
				clientPropertyKey="state.outline.width"
				javaClass="java.lang.Integer"/>				
			<attribute
				clientPropertyKey="state.outline.insets"
				javaClass="java.lang.Integer"/>		
			<attribute
				clientPropertyKey="draw.icon.shape"
				javaClass="java.lang.Boolean"/>	
			<attribute
				clientPropertyKey="draw.image.shape"
				javaClass="java.lang.Boolean"/>		
			<attribute
				clientPropertyKey="texture.factory"					
				editor="twaver.table.editor.TextureEditor@true"
				renderer="twaver.table.renderer.TextureRenderer"/>	
		</category>	
	</category>	
		
	<category name="system">
		<category name="system.border">
			<attribute
				clientPropertyKey="border.type"
				editor="twaver.table.editor.EnumTypeEditor@twaver.border.type|false"
				renderer="twaver.table.renderer.EnumTypeRenderer@twaver.border.type"/>
			<attribute
				clientPropertyKey="border.shape.factory"
				editor="twaver.table.editor.EnumTypeEditor@twaver.shape|false"
				renderer="twaver.table.renderer.EnumTypeRenderer@twaver.shape"/>					
			<attribute
				clientPropertyKey="border.insets"
				javaClass="java.lang.Integer"/>			
			<attribute
				clientPropertyKey="border.visible"
				javaClass="java.lang.Boolean"/>	
			<attribute
				clientPropertyKey="border.underneath"
				javaClass="java.lang.Boolean"/>	
			<attribute
				clientPropertyKey="border.xormode"
				javaClass="java.lang.Boolean"/>					
			<attribute
				clientPropertyKey="border.antialias"
				javaClass="java.lang.Boolean"/>	
			<attribute
				clientPropertyKey="border.fill"
				javaClass="java.lang.Boolean"/>						
			<attribute
				clientPropertyKey="border.color"
				javaClass="java.awt.Color"/>	
			<attribute
				clientPropertyKey="border.fill.color"
				javaClass="java.awt.Color"/>							
			<attribute
				clientPropertyKey="border.stroke"
				editor="twaver.table.editor.StrokeEditor" 
				renderer="twaver.table.renderer.StrokeRenderer"/>				
		</category>	
	</category>		
		
	<category name="system">
		<category name="system.alarm">	
			<attribute
				name="alarmState"/>
			<attribute
				name="enableAlarmPropagationFromChildren"/>	
			<attribute
				clientPropertyKey="alarm.balloon.shown.on.top"
				javaClass="java.lang.Boolean"/>									
			<attribute
				clientPropertyKey="alarm.balloon.direction"
				editor="twaver.table.editor.EnumTypeEditor@twaver.attachment.direction|false"
				renderer="twaver.table.renderer.EnumTypeRenderer@twaver.attachment.direction"/>	
			<attribute
				clientPropertyKey="alarm.balloon.position"
				editor="twaver.table.editor.EnumTypeEditor@twaver.position|false"
				renderer="twaver.table.renderer.EnumTypeRenderer@twaver.position"/>														
			<attribute
				clientPropertyKey="alarm.balloon.xoffset"
				javaClass="java.lang.Integer"/>			
			<attribute
				clientPropertyKey="alarm.balloon.yoffset"
				javaClass="java.lang.Integer"/>	
			<attribute
				clientPropertyKey="alarm.balloon.visible"
				javaClass="java.lang.Boolean"/>	
			<attribute
				clientPropertyKey="alarm.balloon.text.font"
				javaClass="java.awt.Font"/>	
			<attribute
				clientPropertyKey="alarm.balloon.text.color"
				javaClass="java.awt.Color"/>	
			<attribute
				clientPropertyKey="alarm.balloon.text.blinkable"
				javaClass="java.lang.Boolean"/>	
			<attribute
				clientPropertyKey="alarm.balloon.alpha"
				javaClass="java.lang.Float"/>					
			<attribute
				clientPropertyKey="alarm.balloon.outline.color"
				javaClass="java.awt.Color"/>	
			<attribute
				clientPropertyKey="alarm.balloon.shadow.color"
				javaClass="java.awt.Color"/>	
			<attribute
				clientPropertyKey="alarm.balloon.shadow.offset"
				javaClass="java.lang.Integer"/>																
		</category>	
	</category>	

	<category name="system">
		<category name="system.attachment">	
			<attribute
				clientPropertyKey="attachment.position"
				editor="twaver.table.editor.EnumTypeEditor@twaver.position|false"
				renderer="twaver.table.renderer.EnumTypeRenderer@twaver.position"/>		
			<attribute
				clientPropertyKey="attachment.orientation"
				editor="twaver.table.editor.EnumTypeEditor@twaver.orientation|false"
				renderer="twaver.table.renderer.EnumTypeRenderer@twaver.orientation"/>
			<attribute
				clientPropertyKey="attachment.xoffset"
				javaClass="java.lang.Integer"/>			
			<attribute
				clientPropertyKey="attachment.yoffset"
				javaClass="java.lang.Integer"/>	
			<attribute
				clientPropertyKey="attachment.xgap"
				javaClass="java.lang.Integer"/>			
			<attribute
				clientPropertyKey="attachment.ygap"
				javaClass="java.lang.Integer"/>											
		</category>	
	</category>		
	
	<category name="system">
		<category name="system.label">	
			<attribute
				name="displayName"
				editor="twaver.table.editor.HTMLTextEditor"/>									
			<attribute
				clientPropertyKey="label.font"
				javaClass="java.awt.Font"/>	
			<attribute
				clientPropertyKey="label.icon"
				renderer="twaver.table.renderer.IconURLRenderer"
				editor="twaver.table.editor.ImageURLEditor"/>										
			<attribute
				clientPropertyKey="label.color"
				javaClass="java.awt.Color"/>
			<attribute
				clientPropertyKey="label.background"
				javaClass="java.awt.Color"/>
			<attribute
				clientPropertyKey="label.highlightable"
				javaClass="java.lang.Boolean"/>	
			<attribute
				clientPropertyKey="label.highlight.background"
				javaClass="java.awt.Color"/>					
			<attribute
				clientPropertyKey="label.highlight.foreground"
				javaClass="java.awt.Color"/>															
			<attribute
				clientPropertyKey="label.position"
				editor="twaver.table.editor.EnumTypeEditor@twaver.position|false"
				renderer="twaver.table.renderer.EnumTypeRenderer@twaver.position"/>		
			<attribute
				clientPropertyKey="label.orientation"
				editor="twaver.table.editor.EnumTypeEditor@twaver.label.orientation|false"
				renderer="twaver.table.renderer.EnumTypeRenderer@twaver.label.orientation"/>								
			<attribute
				clientPropertyKey="label.visible"
				javaClass="java.lang.Boolean"/>				
			<attribute
				clientPropertyKey="label.border"
				javaClass="java.lang.Boolean"/>
			<attribute
				clientPropertyKey="label.border.stroke"
				editor="twaver.table.editor.StrokeEditor" 
				renderer="twaver.table.renderer.StrokeRenderer"/>	
			<attribute
				clientPropertyKey="label.border.color"
				javaClass="java.awt.Color"/>					
			<attribute
				clientPropertyKey="label.underline"
				javaClass="java.lang.Boolean"/>
			<attribute
				clientPropertyKey="label.underline.stroke"
				editor="twaver.table.editor.StrokeEditor" 
				renderer="twaver.table.renderer.StrokeRenderer"/>	
			<attribute
				clientPropertyKey="label.underline.color"
				javaClass="java.awt.Color"/>																	
			<attribute
				clientPropertyKey="label.xoffset"
				javaClass="java.lang.Integer"/>			
			<attribute
				clientPropertyKey="label.yoffset"
				javaClass="java.lang.Integer"/>	
			<attribute
				clientPropertyKey="label.xgap"
				javaClass="java.lang.Integer"/>			
			<attribute
				clientPropertyKey="label.ygap"
				javaClass="java.lang.Integer"/>	
			<attribute
				clientPropertyKey="label.selectable"
				javaClass="java.lang.Boolean"/>					
			<attribute
				clientPropertyKey="label.maxlength"
				javaClass="java.lang.Integer"/>									
		</category>	
	</category>	
			
	<category name="system">
		<category name="system.message">	
			<attribute
				clientPropertyKey="StateIcon:attachment.message"
				displayName="i18nKey:twaver.Element.message"
				javaClass="java.lang.Boolean"/>	
			<attribute
				clientPropertyKey="message.shown.on.top"
				javaClass="java.lang.Boolean"/>							
			<attribute
				clientPropertyKey="message.content"
				editor="twaver.table.editor.HTMLTextEditor"/>	
			<attribute
				clientPropertyKey="message.foreground"
				javaClass="java.awt.Color"/>	
			<attribute
				clientPropertyKey="message.background"
				javaClass="java.awt.Color"/>				
			<attribute
				javaClass="java.lang.Boolean"
				clientPropertyKey="message.gradient"/>	
			<attribute
				javaClass="java.awt.Color"
				clientPropertyKey="message.gradient.color"/>
			<attribute
				clientPropertyKey="message.gradient.factory"
				editor="twaver.table.editor.EnumTypeEditor@twaver.gradient|false"
				renderer="twaver.table.renderer.EnumTypeRenderer@twaver.gradient"/>																							
			<attribute
				clientPropertyKey="message.font"
				javaClass="java.awt.Font"/>
			<attribute
				clientPropertyKey="message.opaque"
				javaClass="java.lang.Boolean"/>	
			<attribute
				clientPropertyKey="message.tail"
				javaClass="java.lang.Integer"/>			
			<attribute
				clientPropertyKey="message.arc"
				javaClass="java.lang.Integer"/>	
			<attribute
				clientPropertyKey="message.shadow.visible"
				javaClass="java.lang.Boolean"/>	
			<attribute
				clientPropertyKey="message.shadow.color"
				javaClass="java.awt.Color"/>	
			<attribute
				clientPropertyKey="message.border.visible"
				javaClass="java.lang.Boolean"/>																				
			<attribute
				clientPropertyKey="message.border.color"
				javaClass="java.awt.Color"/>
			<attribute
				clientPropertyKey="message.border.stroke"
				editor="twaver.table.editor.StrokeEditor" 
				renderer="twaver.table.renderer.StrokeRenderer"/>													
			<attribute
				clientPropertyKey="message.closable"
				javaClass="java.lang.Boolean"/>
			<attribute
				clientPropertyKey="message.shrinkable"
				javaClass="java.lang.Boolean"/>	
			<attribute
				clientPropertyKey="message.shrinked"
				javaClass="java.lang.Boolean"/>										
			<attribute
				clientPropertyKey="message.minimizable"
				javaClass="java.lang.Boolean"/>		
			<attribute
				clientPropertyKey="message.minimized"
				javaClass="java.lang.Boolean"/>					
			<attribute
				clientPropertyKey="message.auto.adjust.direction"
				javaClass="java.lang.Boolean"/>																			
			<attribute
				clientPropertyKey="message.component"
				editor="twaver.table.editor.EnumTypeEditor@twaver.message.component|false"
				renderer="twaver.table.renderer.EnumTypeRenderer@twaver.message.component"/>											
			<attribute
				clientPropertyKey="message.style"
				editor="twaver.table.editor.EnumTypeEditor@twaver.attachment.style|false"
				renderer="twaver.table.renderer.EnumTypeRenderer@twaver.attachment.style"/>
			<attribute
				clientPropertyKey="message.position"
				editor="twaver.table.editor.EnumTypeEditor@twaver.position|false"
				renderer="twaver.table.renderer.EnumTypeRenderer@twaver.position"/>							
			<attribute
				clientPropertyKey="message.direction"
				editor="twaver.table.editor.EnumTypeEditor@twaver.attachment.direction|false"
				renderer="twaver.table.renderer.EnumTypeRenderer@twaver.attachment.direction"/>
			<attribute
				clientPropertyKey="message.width"
				javaClass="java.lang.Integer"/>			
			<attribute
				clientPropertyKey="message.height"
				javaClass="java.lang.Integer"/>											
			<attribute
				clientPropertyKey="message.xoffset"
				javaClass="java.lang.Integer"/>			
			<attribute
				clientPropertyKey="message.yoffset"
				javaClass="java.lang.Integer"/>	
			<attribute
				clientPropertyKey="message.xgap"
				javaClass="java.lang.Integer"/>			
			<attribute
				clientPropertyKey="message.ygap"
				javaClass="java.lang.Integer"/>																		
			<attribute
				clientPropertyKey="message.minimized.icon"
				renderer="twaver.table.renderer.IconURLRenderer"
				editor="twaver.table.editor.ImageURLEditor"/>				
		</category>	
	</category>				
							
</beaninfo>
