<beaninfo> 

<category name="system">	
	<category name="system.label">	
		<attribute
			javaClass="java.lang.Boolean"
			clientPropertyKey="link.label.rotatable"/>	
	</category>
</category>		

<category name="system">	
	<category name="system.link">		
		<category name="system.link.from">	
			<attribute
				name="from"
				editable="false"
				renderer="twaver.table.renderer.ElementRenderer"/>
			<attribute
				name="fromAgent"
				editable="false"
				renderer="twaver.table.renderer.ElementRenderer"/>
			<attribute
				clientPropertyKey="link.from.position"
				editor="twaver.table.editor.EnumTypeEditor@twaver.position|false"
				renderer="twaver.table.renderer.EnumTypeRenderer@twaver.position"/>	
			<attribute
				javaClass="java.lang.Integer"
				clientPropertyKey="link.from.xoffset"/>
			<attribute
				javaClass="java.lang.Integer"
				clientPropertyKey="link.from.yoffset"/>	
			<attribute
				javaClass="java.lang.Boolean"
				clientPropertyKey="link.fromArrow"/>
			<attribute
				clientPropertyKey="link.from.arrow.style"
				editor="twaver.table.editor.LinkArrowEditor"
				renderer="twaver.table.renderer.LinkArrowRenderer"/>	
			<attribute
				javaClass="java.awt.Color"
				clientPropertyKey="link.from.arrow.color"/>		
			<attribute
				javaClass="java.awt.Color"
				clientPropertyKey="link.from.arrow.outline.color"/>	
			<attribute
				javaClass="java.lang.Boolean"
				clientPropertyKey="link.from.arrow.outline"/>	
			<attribute
				javaClass="java.lang.Boolean"
				clientPropertyKey="link.from.arrow.center"/>					
			<attribute
				javaClass="java.lang.Integer"
				clientPropertyKey="link.from.arrow.xoffset"/>
			<attribute
				javaClass="java.lang.Integer"
				clientPropertyKey="link.from.arrow.yoffset"/>																																																		
		</category>			
		<category name="system.link.to">
			<attribute
				name="to"
				editable="false"
				renderer="twaver.table.renderer.ElementRenderer"/>
			<attribute
				name="toAgent"
				editable="false"
				renderer="twaver.table.renderer.ElementRenderer"/>	
			<attribute
				clientPropertyKey="link.to.position"
				editor="twaver.table.editor.EnumTypeEditor@twaver.position|false"
				renderer="twaver.table.renderer.EnumTypeRenderer@twaver.position"/>	
			<attribute
				javaClass="java.lang.Integer"
				clientPropertyKey="link.to.xoffset"/>
			<attribute
				javaClass="java.lang.Integer"
				clientPropertyKey="link.to.yoffset"/>
			<attribute
				javaClass="java.lang.Boolean"
				clientPropertyKey="link.toArrow"/>
			<attribute
				clientPropertyKey="link.to.arrow.style"
				editor="twaver.table.editor.LinkArrowEditor"
				renderer="twaver.table.renderer.LinkArrowRenderer"/>
			<attribute
				javaClass="java.awt.Color"
				clientPropertyKey="link.to.arrow.color"/>	
			<attribute
				javaClass="java.awt.Color"
				clientPropertyKey="link.to.arrow.outline.color"/>
			<attribute
				javaClass="java.lang.Boolean"
				clientPropertyKey="link.to.arrow.outline"/>	
			<attribute
				javaClass="java.lang.Boolean"
				clientPropertyKey="link.to.arrow.center"/>						
			<attribute
				javaClass="java.lang.Integer"
				clientPropertyKey="link.to.arrow.xoffset"/>
			<attribute
				javaClass="java.lang.Integer"
				clientPropertyKey="link.to.arrow.yoffset"/>																																							
		</category>
		<category name="system.link.handler">
			<attribute
				clientPropertyKey="link.handler.position"
				editor="twaver.table.editor.EnumTypeEditor@twaver.position|false"
				renderer="twaver.table.renderer.EnumTypeRenderer@twaver.position"/>	
			<attribute
				javaClass="java.lang.Integer"
				clientPropertyKey="link.handler.xoffset"/>
			<attribute
				javaClass="java.lang.Integer"
				clientPropertyKey="link.handler.yoffset"/>	
			<attribute
				javaClass="java.awt.Color"
				clientPropertyKey="link.handler.background"/>
			<attribute
				javaClass="java.awt.Color"
				clientPropertyKey="link.handler.foreground"/>	
			<attribute
				javaClass="java.awt.Font"
				clientPropertyKey="link.handler.font"/>					
			<attribute
				javaClass="java.lang.Boolean"
				clientPropertyKey="link.handler.visible"/>				
			<attribute
				clientPropertyKey="link.handler.icon"
				renderer="twaver.table.renderer.IconURLRenderer"
				editor="twaver.table.editor.ImageURLEditor"/>									
		</category>			
		<attribute
			name="linkType"
			editor="twaver.table.editor.EnumTypeEditor@twaver.linktype|false"
			renderer="twaver.table.renderer.EnumTypeRenderer@twaver.linktype"/>	
		<attribute
			javaClass="java.lang.Boolean"
			name="shapeFrozen"/>						
		<attribute 
			javaClass="java.awt.Color"
			clientPropertyKey="link.color"/>
		<attribute
			javaClass="java.awt.Color"
			clientPropertyKey="link.outline.color"/>	
		<attribute
			javaClass="java.lang.Integer"
			clientPropertyKey="link.outline.width"/>		
		<attribute
			javaClass="java.lang.Integer"
			clientPropertyKey="link.width"/>		
		<attribute
			javaClass="java.lang.Integer"
			clientPropertyKey="link.flowing.width"/>	
		<attribute
			clientPropertyKey="link.style"					
			editor="twaver.table.editor.LinkStyleEditor"
			renderer="twaver.table.renderer.LinkStyleRenderer"/>	
		<attribute
			javaClass="java.lang.Boolean"
			clientPropertyKey="link.hollow"/>									
		<attribute
			javaClass="java.lang.Boolean"
			clientPropertyKey="link.flowing"/>									
		<attribute
			javaClass="java.lang.Boolean"
			clientPropertyKey="link.flowing.converse"/>					
		<attribute
			javaClass="java.lang.Boolean"
			clientPropertyKey="link.blinking"/>	
		<attribute
			javaClass="java.lang.Boolean"
			clientPropertyKey="link.antialias"/>	
		<attribute
			javaClass="java.lang.Boolean"
			clientPropertyKey="link.3d"/>		
		<attribute
			javaClass="java.awt.Color"
			clientPropertyKey="link.flowing.color"/>	
		<attribute
			javaClass="java.awt.Color"
			clientPropertyKey="link.blinking.color"/>
		<attribute
			clientPropertyKey="link.extend"/>		
		<attribute
			clientPropertyKey="link.proportion"/>					
		<attribute
			clientPropertyKey="link.orthogonal.direction"/>			
		<attribute
			javaClass="java.lang.Integer"
			editable="false"
			clientPropertyKey="link.bundle.index"/>
		<attribute
			javaClass="java.lang.Integer"
			editable="false"
			clientPropertyKey="link.bundle.size"/>										
	</category>	
</category>
		
</beaninfo>